<?xml version="1.0"?>
<measure>
  <schema_version>3.0</schema_version>
  <name>remove_orphaned_objects_from_idf</name>
  <uid>9c69f977-7c17-4fb4-a2dc-c5c5fc81ea6f</uid>
  <version_id>6c55cc63-e562-4976-b4ef-e2421dfac756</version_id>
  <version_modified>20230328T161021Z</version_modified>
  <xml_checksum>1E12A02D</xml_checksum>
  <class_name>RemoveOrphanedObjectsFromIDF</class_name>
  <display_name>Remove orphaned objects from IDF</display_name>
  <description>This measure removes any remaining orphan objects from the IDF. This measure should be set as an always run measure before simulation can continue in order to avoid simulation crashes / Fatal errors.</description>
  <modeler_description></modeler_description>
  <arguments />
  <outputs />
  <provenances />
  <tags>
    <tag>Reporting.Troubleshooting</tag>
  </tags>
  <attributes>
    <attribute>
      <name>Measure Type</name>
      <value>ModelMeasure</value>
      <datatype>string</datatype>
    </attribute>
    <attribute>
      <name>Measure Language</name>
      <value>Ruby</value>
      <datatype>string</datatype>
    </attribute>
    <attribute>
      <name>Intended Software Tool</name>
      <value>Apply Measure Now</value>
      <datatype>string</datatype>
    </attribute>
    <attribute>
      <name>Intended Software Tool</name>
      <value>OpenStudio Application</value>
      <datatype>string</datatype>
    </attribute>
    <attribute>
      <name>Intended Software Tool</name>
      <value>Parametric Analysis Tool</value>
      <datatype>string</datatype>
    </attribute>
  </attributes>
  <files>
    <file>
      <filename>remove_orphaned_objects_from_idf_test.rb</filename>
      <filetype>rb</filetype>
      <usage_type>test</usage_type>
      <checksum>A44B539C</checksum>
    </file>
    <file>
      <filename>README.md.erb</filename>
      <filetype>erb</filetype>
      <usage_type>readmeerb</usage_type>
      <checksum>F1C26127</checksum>
    </file>
    <file>
      <filename>LICENSE.md</filename>
      <filetype>md</filetype>
      <usage_type>license</usage_type>
      <checksum>CD7F5672</checksum>
    </file>
    <file>
      <filename>.gitkeep</filename>
      <filetype>gitkeep</filetype>
      <usage_type>doc</usage_type>
      <checksum>00000000</checksum>
    </file>
    <file>
      <filename>example_model.osm</filename>
      <filetype>osm</filetype>
      <usage_type>test</usage_type>
      <checksum>53D14E69</checksum>
    </file>
    <file>
      <filename>README.md</filename>
      <filetype>md</filetype>
      <usage_type>readme</usage_type>
      <checksum>705974FC</checksum>
    </file>
    <file>
      <version>
        <software_program>OpenStudio</software_program>
        <identifier>3.5.1</identifier>
        <min_compatible>3.5.1</min_compatible>
      </version>
      <filename>measure.rb</filename>
      <filetype>rb</filetype>
      <usage_type>script</usage_type>
      <checksum>ACEC8751</checksum>
    </file>
  </files>
</measure>
